Giorno,Abruzzo,Basilicata,Calabria,Campania,Emilia-Romagna,Friuli Venezia Giulia,Lazio,Liguria,Lombardia,Marche,Molise,P.A. Bolzano,P.A. Trento,Piemonte,Puglia,Sardegna,Sicilia,Toscana,Umbria,Valle d'Aosta,Veneto,"Totale Bianche","Totale Gialle","Totale Arancioni","Totale Rosse",mappa
2020-11-06,Gialla,Gialla,Rossa,Gialla,Gialla,Gialla,Gialla,Gialla,Rossa,Gialla,Gialla,Gialla,Gialla,Rossa,Arancione,Gialla,Arancione,Gialla,Gialla,Rossa,Gialla,0,15,2,4,https://covid-19-zone.tsiotas.com/img/2020-11-06.png
2020-11-07,Gialla,Gialla,Rossa,Gialla,Gialla,Gialla,Gialla,Gialla,Rossa,Gialla,Gialla,Gialla,Gialla,Rossa,Arancione,Gialla,Arancione,Gialla,Gialla,Rossa,Gialla,0,15,2,4,https://covid-19-zone.tsiotas.com/img/2020-11-06.png
2020-11-08,Gialla,Gialla,Rossa,Gialla,Gialla,Gialla,Gialla,Gialla,Rossa,Gialla,Gialla,Gialla,Gialla,Rossa,Arancione,Gialla,Arancione,Gialla,Gialla,Rossa,Gialla,0,15,2,4,https://covid-19-zone.tsiotas.com/img/2020-11-06.png
2020-11-09,Gialla,Gialla,Rossa,Gialla,Gialla,Gialla,Gialla,Gialla,Rossa,Gialla,Gialla,Gialla,Gialla,Rossa,Arancione,Gialla,Arancione,Gialla,Gialla,Rossa,Gialla,0,15,2,4,https://covid-19-zone.tsiotas.com/img/2020-11-06.png
2020-11-10,Gialla,Gialla,Rossa,Gialla,Gialla,Gialla,Gialla,Gialla,Rossa,Gialla,Gialla,Gialla,Gialla,Rossa,Arancione,Gialla,Arancione,Gialla,Gialla,Rossa,Gialla,0,15,2,4,https://covid-19-zone.tsiotas.com/img/2020-11-06.png
2020-11-11,Arancione,Arancione,Rossa,Gialla,Gialla,Gialla,Gialla,Arancione,Rossa,Gialla,Gialla,Rossa,Gialla,Rossa,Arancione,Gialla,Arancione,Arancione,Arancione,Rossa,Gialla,0,9,7,5,https://covid-19-zone.tsiotas.com/img/2020-11-11.png
2020-11-12,Arancione,Arancione,Rossa,Gialla,Gialla,Gialla,Gialla,Arancione,Rossa,Gialla,Gialla,Rossa,Gialla,Rossa,Arancione,Gialla,Arancione,Arancione,Arancione,Rossa,Gialla,0,9,7,5,https://covid-19-zone.tsiotas.com/img/2020-11-11.png
2020-11-13,Arancione,Arancione,Rossa,Gialla,Gialla,Gialla,Gialla,Arancione,Rossa,Gialla,Gialla,Rossa,Gialla,Rossa,Arancione,Gialla,Arancione,Arancione,Arancione,Rossa,Gialla,0,9,7,5,https://covid-19-zone.tsiotas.com/img/2020-11-11.png
2020-11-14,Arancione,Arancione,Rossa,Gialla,Gialla,Gialla,Gialla,Arancione,Rossa,Gialla,Gialla,Rossa,Gialla,Rossa,Arancione,Gialla,Arancione,Arancione,Arancione,Rossa,Gialla,0,9,7,5,https://covid-19-zone.tsiotas.com/img/2020-11-11.png
2020-11-15,Arancione,Arancione,Rossa,Rossa,Arancione,Arancione,Gialla,Arancione,Rossa,Arancione,Gialla,Rossa,Gialla,Rossa,Arancione,Gialla,Arancione,Rossa,Arancione,Rossa,Gialla,0,5,9,7,https://covid-19-zone.tsiotas.com/img/2020-11-15.png
2020-11-16,Arancione,Arancione,Rossa,Rossa,Arancione,Arancione,Gialla,Arancione,Rossa,Arancione,Gialla,Rossa,Gialla,Rossa,Arancione,Gialla,Arancione,Rossa,Arancione,Rossa,Gialla,0,5,9,7,https://covid-19-zone.tsiotas.com/img/2020-11-15.png
2020-11-17,Arancione,Arancione,Rossa,Rossa,Arancione,Arancione,Gialla,Arancione,Rossa,Arancione,Gialla,Rossa,Gialla,Rossa,Arancione,Gialla,Arancione,Rossa,Arancione,Rossa,Gialla,0,5,9,7,https://covid-19-zone.tsiotas.com/img/2020-11-15.png
2020-11-18,Rossa,Arancione,Rossa,Rossa,Arancione,Arancione,Gialla,Arancione,Rossa,Arancione,Gialla,Rossa,Gialla,Rossa,Arancione,Gialla,Arancione,Rossa,Arancione,Rossa,Gialla,0,5,8,8,https://covid-19-zone.tsiotas.com/img/2020-11-18.png
2020-11-19,Rossa,Arancione,Rossa,Rossa,Arancione,Arancione,Gialla,Arancione,Rossa,Arancione,Gialla,Rossa,Gialla,Rossa,Arancione,Gialla,Arancione,Rossa,Arancione,Rossa,Gialla,0,5,8,8,https://covid-19-zone.tsiotas.com/img/2020-11-18.png
2020-11-20,Rossa,Arancione,Rossa,Rossa,Arancione,Arancione,Gialla,Arancione,Rossa,Arancione,Gialla,Rossa,Gialla,Rossa,Arancione,Gialla,Arancione,Rossa,Arancione,Rossa,Gialla,0,5,8,8,https://covid-19-zone.tsiotas.com/img/2020-11-18.png
2020-11-21,Rossa,Arancione,Rossa,Rossa,Arancione,Arancione,Gialla,Arancione,Rossa,Arancione,Gialla,Rossa,Gialla,Rossa,Arancione,Gialla,Arancione,Rossa,Arancione,Rossa,Gialla,0,5,8,8,https://covid-19-zone.tsiotas.com/img/2020-11-18.png
2020-11-22,Rossa,Arancione,Rossa,Rossa,Arancione,Arancione,Gialla,Arancione,Rossa,Arancione,Gialla,Rossa,Gialla,Rossa,Arancione,Gialla,Arancione,Rossa,Arancione,Rossa,Gialla,0,5,8,8,https://covid-19-zone.tsiotas.com/img/2020-11-18.png
2020-11-23,Rossa,Arancione,Rossa,Rossa,Arancione,Arancione,Gialla,Arancione,Rossa,Arancione,Gialla,Rossa,Gialla,Rossa,Arancione,Gialla,Arancione,Rossa,Arancione,Rossa,Gialla,0,5,8,8,https://covid-19-zone.tsiotas.com/img/2020-11-18.png
2020-11-24,Rossa,Arancione,Rossa,Rossa,Arancione,Arancione,Gialla,Arancione,Rossa,Arancione,Gialla,Rossa,Gialla,Rossa,Arancione,Gialla,Arancione,Rossa,Arancione,Rossa,Gialla,0,5,8,8,https://covid-19-zone.tsiotas.com/img/2020-11-18.png
2020-11-25,Rossa,Arancione,Rossa,Rossa,Arancione,Arancione,Gialla,Arancione,Rossa,Arancione,Gialla,Rossa,Gialla,Rossa,Arancione,Gialla,Arancione,Rossa,Arancione,Rossa,Gialla,0,5,8,8,https://covid-19-zone.tsiotas.com/img/2020-11-18.png
2020-11-26,Rossa,Arancione,Rossa,Rossa,Arancione,Arancione,Gialla,Arancione,Rossa,Arancione,Gialla,Rossa,Gialla,Rossa,Arancione,Gialla,Arancione,Rossa,Arancione,Rossa,Gialla,0,5,8,8,https://covid-19-zone.tsiotas.com/img/2020-11-18.png
2020-11-27,Rossa,Arancione,Rossa,Rossa,Arancione,Arancione,Gialla,Arancione,Rossa,Arancione,Gialla,Rossa,Gialla,Rossa,Arancione,Gialla,Arancione,Rossa,Arancione,Rossa,Gialla,0,5,8,8,https://covid-19-zone.tsiotas.com/img/2020-11-18.png
2020-11-28,Rossa,Arancione,Rossa,Rossa,Arancione,Arancione,Gialla,Arancione,Rossa,Arancione,Gialla,Rossa,Gialla,Rossa,Arancione,Gialla,Arancione,Rossa,Arancione,Rossa,Gialla,0,5,8,8,https://covid-19-zone.tsiotas.com/img/2020-11-18.png
2020-11-29,Rossa,Arancione,Arancione,Rossa,Arancione,Arancione,Gialla,Gialla,Arancione,Arancione,Gialla,Rossa,Gialla,Arancione,Arancione,Gialla,Gialla,Rossa,Arancione,Rossa,Gialla,0,7,9,5,https://covid-19-zone.tsiotas.com/img/2020-11-29.png
2020-11-30,Rossa,Arancione,Arancione,Rossa,Arancione,Arancione,Gialla,Gialla,Arancione,Arancione,Gialla,Rossa,Gialla,Arancione,Arancione,Gialla,Gialla,Rossa,Arancione,Rossa,Gialla,0,7,9,5,https://covid-19-zone.tsiotas.com/img/2020-11-29.png
2020-12-01,Rossa,Arancione,Arancione,Rossa,Arancione,Arancione,Gialla,Gialla,Arancione,Arancione,Gialla,Rossa,Gialla,Arancione,Arancione,Gialla,Gialla,Rossa,Arancione,Rossa,Gialla,0,7,9,5,https://covid-19-zone.tsiotas.com/img/2020-11-29.png
2020-12-02,Rossa,Arancione,Arancione,Rossa,Arancione,Arancione,Gialla,Gialla,Arancione,Arancione,Gialla,Rossa,Gialla,Arancione,Arancione,Gialla,Gialla,Rossa,Arancione,Rossa,Gialla,0,7,9,5,https://covid-19-zone.tsiotas.com/img/2020-11-29.png
2020-12-03,Rossa,Arancione,Arancione,Rossa,Arancione,Arancione,Gialla,Gialla,Arancione,Arancione,Gialla,Rossa,Gialla,Arancione,Arancione,Gialla,Gialla,Rossa,Arancione,Rossa,Gialla,0,7,9,5,https://covid-19-zone.tsiotas.com/img/2020-11-29.png
2020-12-04,Rossa,Arancione,Arancione,Rossa,Arancione,Arancione,Gialla,Gialla,Arancione,Arancione,Gialla,Rossa,Gialla,Arancione,Arancione,Gialla,Gialla,Rossa,Arancione,Rossa,Gialla,0,7,9,5,https://covid-19-zone.tsiotas.com/img/2020-11-29.png
2020-12-05,Rossa,Arancione,Arancione,Rossa,Arancione,Arancione,Gialla,Gialla,Arancione,Arancione,Gialla,Rossa,Gialla,Arancione,Arancione,Gialla,Gialla,Rossa,Arancione,Rossa,Gialla,0,7,9,5,https://covid-19-zone.tsiotas.com/img/2020-11-29.png
2020-12-06,Rossa,Arancione,Arancione,Arancione,Gialla,Gialla,Gialla,Gialla,Arancione,Gialla,Gialla,Arancione,Gialla,Arancione,Gialla,Gialla,Gialla,Arancione,Gialla,Arancione,Gialla,0,12,8,1,https://covid-19-zone.tsiotas.com/img/2020-12-06.png
2020-12-07,Rossa,Arancione,Arancione,Arancione,Gialla,Gialla,Gialla,Gialla,Arancione,Gialla,Gialla,Arancione,Gialla,Arancione,Gialla,Gialla,Gialla,Arancione,Gialla,Arancione,Gialla,0,12,8,1,https://covid-19-zone.tsiotas.com/img/2020-12-06.png
2020-12-08,Rossa,Arancione,Arancione,Arancione,Gialla,Gialla,Gialla,Gialla,Arancione,Gialla,Gialla,Arancione,Gialla,Arancione,Gialla,Gialla,Gialla,Arancione,Gialla,Arancione,Gialla,0,12,8,1,https://covid-19-zone.tsiotas.com/img/2020-12-06.png
2020-12-09,Rossa,Arancione,Arancione,Arancione,Gialla,Gialla,Gialla,Gialla,Arancione,Gialla,Gialla,Arancione,Gialla,Arancione,Gialla,Gialla,Gialla,Arancione,Gialla,Arancione,Gialla,0,12,8,1,https://covid-19-zone.tsiotas.com/img/2020-12-06.png
2020-12-10,Rossa,Arancione,Arancione,Arancione,Gialla,Gialla,Gialla,Gialla,Arancione,Gialla,Gialla,Arancione,Gialla,Arancione,Gialla,Gialla,Gialla,Arancione,Gialla,Arancione,Gialla,0,12,8,1,https://covid-19-zone.tsiotas.com/img/2020-12-06.png
2020-12-11,Rossa,Arancione,Arancione,Arancione,Gialla,Gialla,Gialla,Gialla,Arancione,Gialla,Gialla,Arancione,Gialla,Arancione,Gialla,Gialla,Gialla,Arancione,Gialla,Arancione,Gialla,0,12,8,1,https://covid-19-zone.tsiotas.com/img/2020-12-06.png
2020-12-12,Rossa,Arancione,Arancione,Arancione,Gialla,Gialla,Gialla,Gialla,Arancione,Gialla,Gialla,Arancione,Gialla,Arancione,Gialla,Gialla,Gialla,Arancione,Gialla,Arancione,Gialla,0,12,8,1,https://covid-19-zone.tsiotas.com/img/2020-12-06.png
2020-12-13,Arancione,Gialla,Gialla,Arancione,Gialla,Gialla,Gialla,Gialla,Gialla,Gialla,Gialla,Arancione,Gialla,Gialla,Gialla,Gialla,Gialla,Arancione,Gialla,Arancione,Gialla,0,16,5,0,https://covid-19-zone.tsiotas.com/img/2020-12-13.png
2020-12-14,Arancione,Gialla,Gialla,Arancione,Gialla,Gialla,Gialla,Gialla,Gialla,Gialla,Gialla,Arancione,Gialla,Gialla,Gialla,Gialla,Gialla,Arancione,Gialla,Arancione,Gialla,0,16,5,0,https://covid-19-zone.tsiotas.com/img/2020-12-13.png
2020-12-15,Arancione,Gialla,Gialla,Arancione,Gialla,Gialla,Gialla,Gialla,Gialla,Gialla,Gialla,Arancione,Gialla,Gialla,Gialla,Gialla,Gialla,Arancione,Gialla,Arancione,Gialla,0,16,5,0,https://covid-19-zone.tsiotas.com/img/2020-12-13.png
2020-12-16,Arancione,Gialla,Gialla,Arancione,Gialla,Gialla,Gialla,Gialla,Gialla,Gialla,Gialla,Arancione,Gialla,Gialla,Gialla,Gialla,Gialla,Arancione,Gialla,Arancione,Gialla,0,16,5,0,https://covid-19-zone.tsiotas.com/img/2020-12-13.png
2020-12-17,Arancione,Gialla,Gialla,Arancione,Gialla,Gialla,Gialla,Gialla,Gialla,Gialla,Gialla,Arancione,Gialla,Gialla,Gialla,Gialla,Gialla,Arancione,Gialla,Arancione,Gialla,0,16,5,0,https://covid-19-zone.tsiotas.com/img/2020-12-13.png
2020-12-18,Arancione,Gialla,Gialla,Arancione,Gialla,Gialla,Gialla,Gialla,Gialla,Gialla,Gialla,Arancione,Gialla,Gialla,Gialla,Gialla,Gialla,Arancione,Gialla,Arancione,Gialla,0,16,5,0,https://covid-19-zone.tsiotas.com/img/2020-12-13.png
2020-12-19,Arancione,Gialla,Gialla,Arancione,Gialla,Gialla,Gialla,Gialla,Gialla,Gialla,Gialla,Arancione,Gialla,Gialla,Gialla,Gialla,Gialla,Arancione,Gialla,Arancione,Gialla,0,16,5,0,https://covid-19-zone.tsiotas.com/img/2020-12-13.png
2020-12-20,Arancione,Gialla,Gialla,Gialla,Gialla,Gialla,Gialla,Gialla,Gialla,Gialla,Gialla,Gialla,Gialla,Gialla,Gialla,Gialla,Gialla,Gialla,Gialla,Gialla,Gialla,0,20,1,0,https://covid-19-zone.tsiotas.com/img/2020-12-20.png
2020-12-21,Arancione,Gialla,Gialla,Gialla,Gialla,Gialla,Gialla,Gialla,Gialla,Gialla,Gialla,Gialla,Gialla,Gialla,Gialla,Gialla,Gialla,Gialla,Gialla,Gialla,Gialla,0,20,1,0,https://covid-19-zone.tsiotas.com/img/2020-12-20.png
2020-12-22,Arancione,Gialla,Gialla,Gialla,Gialla,Gialla,Gialla,Gialla,Gialla,Gialla,Gialla,Gialla,Gialla,Gialla,Gialla,Gialla,Gialla,Gialla,Gialla,Gialla,Gialla,0,20,1,0,https://covid-19-zone.tsiotas.com/img/2020-12-20.png
2020-12-23,Arancione,Gialla,Gialla,Gialla,Gialla,Gialla,Gialla,Gialla,Gialla,Gialla,Gialla,Gialla,Gialla,Gialla,Gialla,Gialla,Gialla,Gialla,Gialla,Gialla,Gialla,0,20,1,0,https://covid-19-zone.tsiotas.com/img/2020-12-20.png
2020-12-24,Rossa,Rossa,Rossa,Rossa,Rossa,Rossa,Rossa,Rossa,Rossa,Rossa,Rossa,Rossa,Rossa,Rossa,Rossa,Rossa,Rossa,Rossa,Rossa,Rossa,Rossa,0,0,0,21,https://covid-19-zone.tsiotas.com/img/2020-12-24.png
2020-12-25,Rossa,Rossa,Rossa,Rossa,Rossa,Rossa,Rossa,Rossa,Rossa,Rossa,Rossa,Rossa,Rossa,Rossa,Rossa,Rossa,Rossa,Rossa,Rossa,Rossa,Rossa,0,0,0,21,https://covid-19-zone.tsiotas.com/img/2020-12-24.png
2020-12-26,Rossa,Rossa,Rossa,Rossa,Rossa,Rossa,Rossa,Rossa,Rossa,Rossa,Rossa,Rossa,Rossa,Rossa,Rossa,Rossa,Rossa,Rossa,Rossa,Rossa,Rossa,0,0,0,21,https://covid-19-zone.tsiotas.com/img/2020-12-24.png
2020-12-27,Rossa,Rossa,Rossa,Rossa,Rossa,Rossa,Rossa,Rossa,Rossa,Rossa,Rossa,Rossa,Rossa,Rossa,Rossa,Rossa,Rossa,Rossa,Rossa,Rossa,Rossa,0,0,0,21,https://covid-19-zone.tsiotas.com/img/2020-12-24.png
2020-12-28,Arancione,Arancione,Arancione,Arancione,Arancione,Arancione,Arancione,Arancione,Arancione,Arancione,Arancione,Arancione,Arancione,Arancione,Arancione,Arancione,Arancione,Arancione,Arancione,Arancione,Arancione,0,0,21,0,https://covid-19-zone.tsiotas.com/img/2020-12-28.png
2020-12-29,Arancione,Arancione,Arancione,Arancione,Arancione,Arancione,Arancione,Arancione,Arancione,Arancione,Arancione,Arancione,Arancione,Arancione,Arancione,Arancione,Arancione,Arancione,Arancione,Arancione,Arancione,0,0,21,0,https://covid-19-zone.tsiotas.com/img/2020-12-28.png
2020-12-30,Arancione,Arancione,Arancione,Arancione,Arancione,Arancione,Arancione,Arancione,Arancione,Arancione,Arancione,Arancione,Arancione,Arancione,Arancione,Arancione,Arancione,Arancione,Arancione,Arancione,Arancione,0,0,21,0,https://covid-19-zone.tsiotas.com/img/2020-12-28.png
2020-12-31,Rossa,Rossa,Rossa,Rossa,Rossa,Rossa,Rossa,Rossa,Rossa,Rossa,Rossa,Rossa,Rossa,Rossa,Rossa,Rossa,Rossa,Rossa,Rossa,Rossa,Rossa,0,0,0,21,https://covid-19-zone.tsiotas.com/img/2020-12-31.png
2021-01-01,Rossa,Rossa,Rossa,Rossa,Rossa,Rossa,Rossa,Rossa,Rossa,Rossa,Rossa,Rossa,Rossa,Rossa,Rossa,Rossa,Rossa,Rossa,Rossa,Rossa,Rossa,0,0,0,21,https://covid-19-zone.tsiotas.com/img/2020-12-31.png
2021-01-02,Rossa,Rossa,Rossa,Rossa,Rossa,Rossa,Rossa,Rossa,Rossa,Rossa,Rossa,Rossa,Rossa,Rossa,Rossa,Rossa,Rossa,Rossa,Rossa,Rossa,Rossa,0,0,0,21,https://covid-19-zone.tsiotas.com/img/2020-12-31.png
2021-01-03,Rossa,Rossa,Rossa,Rossa,Rossa,Rossa,Rossa,Rossa,Rossa,Rossa,Rossa,Rossa,Rossa,Rossa,Rossa,Rossa,Rossa,Rossa,Rossa,Rossa,Rossa,0,0,0,21,https://covid-19-zone.tsiotas.com/img/2020-12-31.png
2021-01-04,Arancione,Arancione,Arancione,Arancione,Arancione,Arancione,Arancione,Arancione,Arancione,Arancione,Arancione,Arancione,Arancione,Arancione,Arancione,Arancione,Arancione,Arancione,Arancione,Arancione,Arancione,0,0,21,0,https://covid-19-zone.tsiotas.com/img/2021-01-04.png
2021-01-05,Rossa,Rossa,Rossa,Rossa,Rossa,Rossa,Rossa,Rossa,Rossa,Rossa,Rossa,Rossa,Rossa,Rossa,Rossa,Rossa,Rossa,Rossa,Rossa,Rossa,Rossa,0,0,0,21,https://covid-19-zone.tsiotas.com/img/2021-01-05.png
2021-01-06,Rossa,Rossa,Rossa,Rossa,Rossa,Rossa,Rossa,Rossa,Rossa,Rossa,Rossa,Rossa,Rossa,Rossa,Rossa,Rossa,Rossa,Rossa,Rossa,Rossa,Rossa,0,0,0,21,https://covid-19-zone.tsiotas.com/img/2021-01-05.png
2021-01-07,Gialla,Gialla,Gialla,Gialla,Gialla,Gialla,Gialla,Gialla,Gialla,Gialla,Gialla,Gialla,Gialla,Gialla,Gialla,Gialla,Gialla,Gialla,Gialla,Gialla,Gialla,0,21,0,0,https://covid-19-zone.tsiotas.com/img/2021-01-07.png
2021-01-08,Gialla,Gialla,Gialla,Gialla,Gialla,Gialla,Gialla,Gialla,Gialla,Gialla,Gialla,Gialla,Gialla,Gialla,Gialla,Gialla,Gialla,Gialla,Gialla,Gialla,Gialla,0,21,0,0,https://covid-19-zone.tsiotas.com/img/2021-01-07.png
2021-01-09,Gialla,Gialla,Arancione,Gialla,Arancione,Gialla,Gialla,Gialla,Arancione,Gialla,Gialla,Gialla,Gialla,Gialla,Gialla,Gialla,Arancione,Gialla,Gialla,Gialla,Arancione,0,16,5,0,https://covid-19-zone.tsiotas.com/img/2021-01-09.png
2021-01-10,Gialla,Gialla,Arancione,Gialla,Arancione,Gialla,Gialla,Gialla,Arancione,Gialla,Gialla,Gialla,Gialla,Gialla,Gialla,Gialla,Arancione,Gialla,Gialla,Gialla,Arancione,0,16,5,0,https://covid-19-zone.tsiotas.com/img/2021-01-09.png
2021-01-11,Gialla,Gialla,Arancione,Gialla,Arancione,Gialla,Gialla,Gialla,Arancione,Gialla,Gialla,Gialla,Gialla,Gialla,Gialla,Gialla,Arancione,Gialla,Gialla,Gialla,Arancione,0,16,5,0,https://covid-19-zone.tsiotas.com/img/2021-01-09.png
2021-01-12,Gialla,Gialla,Arancione,Gialla,Arancione,Gialla,Gialla,Gialla,Arancione,Gialla,Gialla,Gialla,Gialla,Gialla,Gialla,Gialla,Arancione,Gialla,Gialla,Gialla,Arancione,0,16,5,0,https://covid-19-zone.tsiotas.com/img/2021-01-09.png
2021-01-13,Gialla,Gialla,Arancione,Gialla,Arancione,Gialla,Gialla,Gialla,Arancione,Gialla,Gialla,Gialla,Gialla,Gialla,Gialla,Gialla,Arancione,Gialla,Gialla,Gialla,Arancione,0,16,5,0,https://covid-19-zone.tsiotas.com/img/2021-01-09.png
2021-01-14,Gialla,Gialla,Arancione,Gialla,Arancione,Gialla,Gialla,Gialla,Arancione,Gialla,Gialla,Gialla,Gialla,Gialla,Gialla,Gialla,Arancione,Gialla,Gialla,Gialla,Arancione,0,16,5,0,https://covid-19-zone.tsiotas.com/img/2021-01-09.png
2021-01-15,Gialla,Gialla,Arancione,Gialla,Arancione,Gialla,Gialla,Gialla,Arancione,Gialla,Gialla,Gialla,Gialla,Gialla,Gialla,Gialla,Arancione,Gialla,Gialla,Gialla,Arancione,0,16,5,0,https://covid-19-zone.tsiotas.com/img/2021-01-09.png
2021-01-16,Gialla,Gialla,Arancione,Gialla,Arancione,Gialla,Gialla,Gialla,Arancione,Gialla,Gialla,Gialla,Gialla,Gialla,Gialla,Gialla,Arancione,Gialla,Gialla,Gialla,Arancione,0,16,5,0,https://covid-19-zone.tsiotas.com/img/2021-01-09.png
2021-01-17,Gialla,Gialla,Arancione,Gialla,Arancione,Gialla,Gialla,Gialla,Arancione,Gialla,Gialla,Gialla,Gialla,Gialla,Gialla,Gialla,Arancione,Gialla,Gialla,Gialla,Arancione,0,16,5,0,https://covid-19-zone.tsiotas.com/img/2021-01-09.png
2021-01-18,Arancione,Gialla,Arancione,Gialla,Arancione,Arancione,Arancione,Arancione,Rossa,Arancione,Gialla,Rossa,Gialla,Arancione,Arancione,Gialla,Rossa,Gialla,Arancione,Arancione,Arancione,0,6,12,3,https://covid-19-zone.tsiotas.com/img/2021-01-18.png
2021-01-19,Arancione,Gialla,Arancione,Gialla,Arancione,Arancione,Arancione,Arancione,Rossa,Arancione,Gialla,Rossa,Gialla,Arancione,Arancione,Gialla,Rossa,Gialla,Arancione,Arancione,Arancione,0,6,12,3,https://covid-19-zone.tsiotas.com/img/2021-01-18.png
2021-01-20,Arancione,Gialla,Arancione,Gialla,Arancione,Arancione,Arancione,Arancione,Rossa,Arancione,Gialla,Rossa,Gialla,Arancione,Arancione,Gialla,Rossa,Gialla,Arancione,Arancione,Arancione,0,6,12,3,https://covid-19-zone.tsiotas.com/img/2021-01-18.png
2021-01-21,Arancione,Gialla,Arancione,Gialla,Arancione,Arancione,Arancione,Arancione,Rossa,Arancione,Gialla,Rossa,Gialla,Arancione,Arancione,Gialla,Rossa,Gialla,Arancione,Arancione,Arancione,0,6,12,3,https://covid-19-zone.tsiotas.com/img/2021-01-18.png
2021-01-22,Arancione,Gialla,Arancione,Gialla,Arancione,Arancione,Arancione,Arancione,Rossa,Arancione,Gialla,Rossa,Gialla,Arancione,Arancione,Gialla,Rossa,Gialla,Arancione,Arancione,Arancione,0,6,12,3,https://covid-19-zone.tsiotas.com/img/2021-01-18.png
2021-01-23,Arancione,Gialla,Arancione,Gialla,Arancione,Arancione,Arancione,Arancione,Rossa,Arancione,Gialla,Rossa,Gialla,Arancione,Arancione,Gialla,Rossa,Gialla,Arancione,Arancione,Arancione,0,6,12,3,https://covid-19-zone.tsiotas.com/img/2021-01-18.png
2021-01-24,Arancione,Gialla,Arancione,Gialla,Arancione,Arancione,Arancione,Arancione,Arancione,Arancione,Gialla,Rossa,Gialla,Arancione,Arancione,Arancione,Rossa,Gialla,Arancione,Arancione,Arancione,0,5,14,2,https://covid-19-zone.tsiotas.com/img/2021-01-24.png
2021-01-25,Arancione,Gialla,Arancione,Gialla,Arancione,Arancione,Arancione,Arancione,Arancione,Arancione,Gialla,Rossa,Gialla,Arancione,Arancione,Arancione,Rossa,Gialla,Arancione,Arancione,Arancione,0,5,14,2,https://covid-19-zone.tsiotas.com/img/2021-01-24.png
2021-01-26,Arancione,Gialla,Arancione,Gialla,Arancione,Arancione,Arancione,Arancione,Arancione,Arancione,Gialla,Rossa,Gialla,Arancione,Arancione,Arancione,Rossa,Gialla,Arancione,Arancione,Arancione,0,5,14,2,https://covid-19-zone.tsiotas.com/img/2021-01-24.png
2021-01-27,Arancione,Gialla,Arancione,Gialla,Arancione,Arancione,Arancione,Arancione,Arancione,Arancione,Gialla,Rossa,Gialla,Arancione,Arancione,Arancione,Rossa,Gialla,Arancione,Arancione,Arancione,0,5,14,2,https://covid-19-zone.tsiotas.com/img/2021-01-24.png
2021-01-28,Arancione,Gialla,Arancione,Gialla,Arancione,Arancione,Arancione,Arancione,Arancione,Arancione,Gialla,Rossa,Gialla,Arancione,Arancione,Arancione,Rossa,Gialla,Arancione,Arancione,Arancione,0,5,14,2,https://covid-19-zone.tsiotas.com/img/2021-01-24.png
2021-01-29,Arancione,Gialla,Arancione,Gialla,Arancione,Arancione,Arancione,Arancione,Arancione,Arancione,Gialla,Rossa,Gialla,Arancione,Arancione,Arancione,Rossa,Gialla,Arancione,Arancione,Arancione,0,5,14,2,https://covid-19-zone.tsiotas.com/img/2021-01-24.png
2021-01-30,Arancione,Gialla,Arancione,Gialla,Arancione,Arancione,Arancione,Arancione,Arancione,Arancione,Gialla,Rossa,Gialla,Arancione,Arancione,Arancione,Rossa,Gialla,Arancione,Arancione,Arancione,0,5,14,2,https://covid-19-zone.tsiotas.com/img/2021-01-24.png
2021-01-31,Arancione,Gialla,Arancione,Gialla,Arancione,Arancione,Arancione,Arancione,Arancione,Arancione,Gialla,Rossa,Gialla,Arancione,Arancione,Arancione,Rossa,Gialla,Arancione,Arancione,Arancione,0,5,14,2,https://covid-19-zone.tsiotas.com/img/2021-01-24.png
2021-02-01,Gialla,Gialla,Gialla,Gialla,Gialla,Gialla,Gialla,Gialla,Gialla,Gialla,Gialla,Arancione,Gialla,Gialla,Arancione,Arancione,Arancione,Gialla,Arancione,Gialla,Gialla,0,16,5,0,https://covid-19-zone.tsiotas.com/img/2021-02-01.png
2021-02-02,Gialla,Gialla,Gialla,Gialla,Gialla,Gialla,Gialla,Gialla,Gialla,Gialla,Gialla,Arancione,Gialla,Gialla,Arancione,Arancione,Arancione,Gialla,Arancione,Gialla,Gialla,0,16,5,0,https://covid-19-zone.tsiotas.com/img/2021-02-01.png
2021-02-03,Gialla,Gialla,Gialla,Gialla,Gialla,Gialla,Gialla,Gialla,Gialla,Gialla,Gialla,Arancione,Gialla,Gialla,Arancione,Arancione,Arancione,Gialla,Arancione,Gialla,Gialla,0,16,5,0,https://covid-19-zone.tsiotas.com/img/2021-02-01.png
2021-02-04,Gialla,Gialla,Gialla,Gialla,Gialla,Gialla,Gialla,Gialla,Gialla,Gialla,Gialla,Arancione,Gialla,Gialla,Arancione,Arancione,Arancione,Gialla,Arancione,Gialla,Gialla,0,16,5,0,https://covid-19-zone.tsiotas.com/img/2021-02-01.png
2021-02-05,Gialla,Gialla,Gialla,Gialla,Gialla,Gialla,Gialla,Gialla,Gialla,Gialla,Gialla,Arancione,Gialla,Gialla,Arancione,Arancione,Arancione,Gialla,Arancione,Gialla,Gialla,0,16,5,0,https://covid-19-zone.tsiotas.com/img/2021-02-01.png
2021-02-06,Gialla,Gialla,Gialla,Gialla,Gialla,Gialla,Gialla,Gialla,Gialla,Gialla,Gialla,Arancione,Gialla,Gialla,Arancione,Arancione,Arancione,Gialla,Arancione,Gialla,Gialla,0,16,5,0,https://covid-19-zone.tsiotas.com/img/2021-02-01.png
2021-02-07,Gialla,Gialla,Gialla,Gialla,Gialla,Gialla,Gialla,Gialla,Gialla,Gialla,Gialla,Arancione,Gialla,Gialla,Arancione,Arancione,Arancione,Gialla,Arancione,Gialla,Gialla,0,16,5,0,https://covid-19-zone.tsiotas.com/img/2021-02-01.png
2021-02-08,Gialla,Gialla,Gialla,Gialla,Gialla,Gialla,Gialla,Gialla,Gialla,Gialla,Gialla,Arancione,Gialla,Gialla,Arancione,Gialla,Arancione,Gialla,Arancione,Gialla,Gialla,0,17,4,0,https://covid-19-zone.tsiotas.com/img/2021-02-08.png
2021-02-09,Gialla,Gialla,Gialla,Gialla,Gialla,Gialla,Gialla,Gialla,Gialla,Gialla,Gialla,Arancione,Gialla,Gialla,Arancione,Gialla,Arancione,Gialla,Arancione,Gialla,Gialla,0,17,4,0,https://covid-19-zone.tsiotas.com/img/2021-02-08.png
2021-02-10,Gialla,Gialla,Gialla,Gialla,Gialla,Gialla,Gialla,Gialla,Gialla,Gialla,Gialla,Arancione,Gialla,Gialla,Arancione,Gialla,Arancione,Gialla,Arancione,Gialla,Gialla,0,17,4,0,https://covid-19-zone.tsiotas.com/img/2021-02-08.png
2021-02-11,Gialla,Gialla,Gialla,Gialla,Gialla,Gialla,Gialla,Gialla,Gialla,Gialla,Gialla,Arancione,Gialla,Gialla,Gialla,Gialla,Arancione,Gialla,Arancione,Gialla,Gialla,0,18,3,0,https://covid-19-zone.tsiotas.com/img/2021-02-11.png
2021-02-12,Gialla,Gialla,Gialla,Gialla,Gialla,Gialla,Gialla,Gialla,Gialla,Gialla,Gialla,Arancione,Gialla,Gialla,Gialla,Gialla,Arancione,Gialla,Arancione,Gialla,Gialla,0,18,3,0,https://covid-19-zone.tsiotas.com/img/2021-02-11.png
2021-02-13,Gialla,Gialla,Gialla,Gialla,Gialla,Gialla,Gialla,Gialla,Gialla,Gialla,Gialla,Arancione,Gialla,Gialla,Gialla,Gialla,Arancione,Gialla,Arancione,Gialla,Gialla,0,18,3,0,https://covid-19-zone.tsiotas.com/img/2021-02-11.png
2021-02-14,Arancione,Gialla,Gialla,Gialla,Gialla,Gialla,Gialla,Arancione,Gialla,Gialla,Gialla,Arancione,Arancione,Gialla,Gialla,Gialla,Arancione,Arancione,Arancione,Gialla,Gialla,0,14,7,0,https://covid-19-zone.tsiotas.com/img/2021-02-14.png
2021-02-15,Arancione,Gialla,Gialla,Gialla,Gialla,Gialla,Gialla,Arancione,Gialla,Gialla,Gialla,Arancione,Arancione,Gialla,Gialla,Gialla,Gialla,Arancione,Arancione,Gialla,Gialla,0,15,6,0,https://covid-19-zone.tsiotas.com/img/2021-02-15.png
2021-02-16,Arancione,Gialla,Gialla,Gialla,Gialla,Gialla,Gialla,Arancione,Gialla,Gialla,Gialla,Arancione,Arancione,Gialla,Gialla,Gialla,Gialla,Arancione,Arancione,Gialla,Gialla,0,15,6,0,https://covid-19-zone.tsiotas.com/img/2021-02-15.png
2021-02-17,Arancione,Gialla,Gialla,Gialla,Gialla,Gialla,Gialla,Arancione,Gialla,Gialla,Gialla,Arancione,Arancione,Gialla,Gialla,Gialla,Gialla,Arancione,Arancione,Gialla,Gialla,0,15,6,0,https://covid-19-zone.tsiotas.com/img/2021-02-15.png
2021-02-18,Arancione,Gialla,Gialla,Gialla,Gialla,Gialla,Gialla,Arancione,Gialla,Gialla,Gialla,Arancione,Arancione,Gialla,Gialla,Gialla,Gialla,Arancione,Arancione,Gialla,Gialla,0,15,6,0,https://covid-19-zone.tsiotas.com/img/2021-02-15.png
2021-02-19,Arancione,Gialla,Gialla,Gialla,Gialla,Gialla,Gialla,Arancione,Gialla,Gialla,Gialla,Arancione,Arancione,Gialla,Gialla,Gialla,Gialla,Arancione,Arancione,Gialla,Gialla,0,15,6,0,https://covid-19-zone.tsiotas.com/img/2021-02-15.png
2021-02-20,Arancione,Gialla,Gialla,Gialla,Gialla,Gialla,Gialla,Arancione,Gialla,Gialla,Gialla,Arancione,Arancione,Gialla,Gialla,Gialla,Gialla,Arancione,Arancione,Gialla,Gialla,0,15,6,0,https://covid-19-zone.tsiotas.com/img/2021-02-15.png
2021-02-21,Arancione,Gialla,Gialla,Arancione,Arancione,Gialla,Gialla,Arancione,Gialla,Gialla,Arancione,Arancione,Arancione,Gialla,Gialla,Gialla,Gialla,Arancione,Arancione,Gialla,Gialla,0,12,9,0,https://covid-19-zone.tsiotas.com/img/2021-02-21.png
2021-02-22,Arancione,Gialla,Gialla,Arancione,Arancione,Gialla,Gialla,Arancione,Gialla,Gialla,Arancione,Arancione,Arancione,Gialla,Gialla,Gialla,Gialla,Arancione,Arancione,Gialla,Gialla,0,12,9,0,https://covid-19-zone.tsiotas.com/img/2021-02-21.png
2021-02-23,Arancione,Gialla,Gialla,Arancione,Arancione,Gialla,Gialla,Arancione,Gialla,Gialla,Arancione,Arancione,Arancione,Gialla,Gialla,Gialla,Gialla,Arancione,Arancione,Gialla,Gialla,0,12,9,0,https://covid-19-zone.tsiotas.com/img/2021-02-21.png
2021-02-24,Arancione,Gialla,Gialla,Arancione,Arancione,Gialla,Gialla,Arancione,Gialla,Gialla,Arancione,Arancione,Arancione,Gialla,Gialla,Gialla,Gialla,Arancione,Arancione,Gialla,Gialla,0,12,9,0,https://covid-19-zone.tsiotas.com/img/2021-02-21.png
2021-02-25,Arancione,Gialla,Gialla,Arancione,Arancione,Gialla,Gialla,Arancione,Gialla,Gialla,Arancione,Arancione,Arancione,Gialla,Gialla,Gialla,Gialla,Arancione,Arancione,Gialla,Gialla,0,12,9,0,https://covid-19-zone.tsiotas.com/img/2021-02-21.png
2021-02-26,Arancione,Gialla,Gialla,Arancione,Arancione,Gialla,Gialla,Arancione,Gialla,Gialla,Arancione,Arancione,Arancione,Gialla,Gialla,Gialla,Gialla,Arancione,Arancione,Gialla,Gialla,0,12,9,0,https://covid-19-zone.tsiotas.com/img/2021-02-21.png
2021-02-27,Arancione,Gialla,Gialla,Arancione,Arancione,Gialla,Gialla,Arancione,Gialla,Gialla,Arancione,Arancione,Arancione,Gialla,Gialla,Gialla,Gialla,Arancione,Arancione,Gialla,Gialla,0,12,9,0,https://covid-19-zone.tsiotas.com/img/2021-02-21.png
2021-02-28,Arancione,Gialla,Gialla,Arancione,Arancione,Gialla,Gialla,Arancione,Gialla,Gialla,Arancione,Arancione,Arancione,Gialla,Gialla,Gialla,Gialla,Arancione,Arancione,Gialla,Gialla,0,12,9,0,https://covid-19-zone.tsiotas.com/img/2021-02-21.png
2021-03-01,Arancione,Rossa,Gialla,Arancione,Arancione,Gialla,Gialla,Gialla,Arancione,Arancione,Rossa,Arancione,Arancione,Arancione,Gialla,Bianca,Gialla,Arancione,Arancione,Gialla,Gialla,1,8,10,2,https://covid-19-zone.tsiotas.com/img/2021-03-01.png
2021-03-02,Arancione,Rossa,Gialla,Arancione,Arancione,Gialla,Gialla,Gialla,Arancione,Arancione,Rossa,Arancione,Arancione,Arancione,Gialla,Bianca,Gialla,Arancione,Arancione,Gialla,Gialla,1,8,10,2,https://covid-19-zone.tsiotas.com/img/2021-03-01.png
2021-03-03,Arancione,Rossa,Gialla,Arancione,Arancione,Gialla,Gialla,Gialla,Arancione,Arancione,Rossa,Arancione,Arancione,Arancione,Gialla,Bianca,Gialla,Arancione,Arancione,Gialla,Gialla,1,8,10,2,https://covid-19-zone.tsiotas.com/img/2021-03-01.png
2021-03-04,Arancione,Rossa,Gialla,Arancione,Arancione,Gialla,Gialla,Gialla,Arancione,Arancione,Rossa,Arancione,Arancione,Arancione,Gialla,Bianca,Gialla,Arancione,Arancione,Gialla,Gialla,1,8,10,2,https://covid-19-zone.tsiotas.com/img/2021-03-01.png
2021-03-05,Arancione,Rossa,Gialla,Arancione,Arancione,Gialla,Gialla,Gialla,Arancione,Arancione,Rossa,Arancione,Arancione,Arancione,Gialla,Bianca,Gialla,Arancione,Arancione,Gialla,Gialla,1,8,10,2,https://covid-19-zone.tsiotas.com/img/2021-03-01.png
2021-03-06,Arancione,Rossa,Gialla,Arancione,Arancione,Gialla,Gialla,Gialla,Arancione,Arancione,Rossa,Arancione,Arancione,Arancione,Gialla,Bianca,Gialla,Arancione,Arancione,Gialla,Gialla,1,8,10,2,https://covid-19-zone.tsiotas.com/img/2021-03-01.png
2021-03-07,Arancione,Rossa,Gialla,Arancione,Arancione,Gialla,Gialla,Gialla,Arancione,Arancione,Rossa,Arancione,Arancione,Arancione,Gialla,Bianca,Gialla,Arancione,Arancione,Gialla,Gialla,1,8,10,2,https://covid-19-zone.tsiotas.com/img/2021-03-01.png
2021-03-08,Arancione,Rossa,Gialla,Rossa,Arancione,Arancione,Gialla,Gialla,Arancione,Arancione,Rossa,Arancione,Arancione,Arancione,Gialla,Bianca,Gialla,Arancione,Arancione,Gialla,Arancione,1,6,11,3,https://covid-19-zone.tsiotas.com/img/2021-03-08.png
2021-03-09,Arancione,Rossa,Gialla,Rossa,Arancione,Arancione,Gialla,Gialla,Arancione,Arancione,Rossa,Arancione,Arancione,Arancione,Gialla,Bianca,Gialla,Arancione,Arancione,Gialla,Arancione,1,6,11,3,https://covid-19-zone.tsiotas.com/img/2021-03-08.png
2021-03-10,Arancione,Rossa,Gialla,Rossa,Arancione,Arancione,Gialla,Gialla,Arancione,Arancione,Rossa,Arancione,Arancione,Arancione,Gialla,Bianca,Gialla,Arancione,Arancione,Gialla,Arancione,1,6,11,3,https://covid-19-zone.tsiotas.com/img/2021-03-08.png
2021-03-11,Arancione,Rossa,Gialla,Rossa,Arancione,Arancione,Gialla,Gialla,Arancione,Arancione,Rossa,Arancione,Arancione,Arancione,Gialla,Bianca,Gialla,Arancione,Arancione,Gialla,Arancione,1,6,11,3,https://covid-19-zone.tsiotas.com/img/2021-03-08.png
2021-03-12,Arancione,Rossa,Gialla,Rossa,Arancione,Arancione,Gialla,Gialla,Arancione,Arancione,Rossa,Arancione,Arancione,Arancione,Gialla,Bianca,Gialla,Arancione,Arancione,Gialla,Arancione,1,6,11,3,https://covid-19-zone.tsiotas.com/img/2021-03-08.png
2021-03-13,Arancione,Rossa,Gialla,Rossa,Arancione,Arancione,Gialla,Gialla,Arancione,Arancione,Rossa,Arancione,Arancione,Arancione,Gialla,Bianca,Gialla,Arancione,Arancione,Gialla,Arancione,1,6,11,3,https://covid-19-zone.tsiotas.com/img/2021-03-08.png
2021-03-14,Arancione,Rossa,Gialla,Rossa,Arancione,Arancione,Gialla,Gialla,Arancione,Arancione,Rossa,Arancione,Arancione,Arancione,Gialla,Bianca,Gialla,Arancione,Arancione,Gialla,Arancione,1,6,11,3,https://covid-19-zone.tsiotas.com/img/2021-03-08.png
2021-03-15,Arancione,Rossa,Arancione,Rossa,Rossa,Rossa,Rossa,Arancione,Rossa,Rossa,Rossa,Arancione,Rossa,Rossa,Rossa,Bianca,Arancione,Arancione,Arancione,Arancione,Rossa,1,0,8,12,https://covid-19-zone.tsiotas.com/img/2021-03-15.png
2021-03-16,Arancione,Arancione,Arancione,Rossa,Rossa,Rossa,Rossa,Arancione,Rossa,Rossa,Rossa,Arancione,Rossa,Rossa,Rossa,Bianca,Arancione,Arancione,Arancione,Arancione,Rossa,1,0,9,11,https://covid-19-zone.tsiotas.com/img/2021-03-16.png
2021-03-17,Arancione,Arancione,Arancione,Rossa,Rossa,Rossa,Rossa,Arancione,Rossa,Rossa,Rossa,Arancione,Rossa,Rossa,Rossa,Bianca,Arancione,Arancione,Arancione,Arancione,Rossa,1,0,9,11,https://covid-19-zone.tsiotas.com/img/2021-03-16.png
2021-03-18,Arancione,Arancione,Arancione,Rossa,Rossa,Rossa,Rossa,Arancione,Rossa,Rossa,Rossa,Arancione,Rossa,Rossa,Rossa,Bianca,Arancione,Arancione,Arancione,Arancione,Rossa,1,0,9,11,https://covid-19-zone.tsiotas.com/img/2021-03-16.png
2021-03-19,Arancione,Arancione,Arancione,Rossa,Rossa,Rossa,Rossa,Arancione,Rossa,Rossa,Rossa,Arancione,Rossa,Rossa,Rossa,Bianca,Arancione,Arancione,Arancione,Arancione,Rossa,1,0,9,11,https://covid-19-zone.tsiotas.com/img/2021-03-16.png
2021-03-20,Arancione,Arancione,Arancione,Rossa,Rossa,Rossa,Rossa,Arancione,Rossa,Rossa,Rossa,Arancione,Rossa,Rossa,Rossa,Bianca,Arancione,Arancione,Arancione,Arancione,Rossa,1,0,9,11,https://covid-19-zone.tsiotas.com/img/2021-03-16.png
2021-03-21,Arancione,Arancione,Arancione,Rossa,Rossa,Rossa,Rossa,Arancione,Rossa,Rossa,Rossa,Arancione,Rossa,Rossa,Rossa,Bianca,Arancione,Arancione,Arancione,Arancione,Rossa,1,0,9,11,https://covid-19-zone.tsiotas.com/img/2021-03-16.png
2021-03-22,Arancione,Arancione,Arancione,Rossa,Rossa,Rossa,Rossa,Arancione,Rossa,Rossa,Arancione,Arancione,Rossa,Rossa,Rossa,Arancione,Arancione,Arancione,Arancione,Arancione,Rossa,0,0,11,10,https://covid-19-zone.tsiotas.com/img/2021-03-22.png
2021-03-23,Arancione,Arancione,Arancione,Rossa,Rossa,Rossa,Rossa,Arancione,Rossa,Rossa,Arancione,Arancione,Rossa,Rossa,Rossa,Arancione,Arancione,Arancione,Arancione,Arancione,Rossa,0,0,11,10,https://covid-19-zone.tsiotas.com/img/2021-03-22.png
2021-03-24,Arancione,Arancione,Arancione,Rossa,Rossa,Rossa,Rossa,Arancione,Rossa,Rossa,Arancione,Arancione,Rossa,Rossa,Rossa,Arancione,Arancione,Arancione,Arancione,Arancione,Rossa,0,0,11,10,https://covid-19-zone.tsiotas.com/img/2021-03-22.png
2021-03-25,Arancione,Arancione,Arancione,Rossa,Rossa,Rossa,Rossa,Arancione,Rossa,Rossa,Arancione,Arancione,Rossa,Rossa,Rossa,Arancione,Arancione,Arancione,Arancione,Arancione,Rossa,0,0,11,10,https://covid-19-zone.tsiotas.com/img/2021-03-22.png
2021-03-26,Arancione,Arancione,Arancione,Rossa,Rossa,Rossa,Rossa,Arancione,Rossa,Rossa,Arancione,Arancione,Rossa,Rossa,Rossa,Arancione,Arancione,Arancione,Arancione,Arancione,Rossa,0,0,11,10,https://covid-19-zone.tsiotas.com/img/2021-03-22.png
2021-03-27,Arancione,Arancione,Arancione,Rossa,Rossa,Rossa,Rossa,Arancione,Rossa,Rossa,Arancione,Arancione,Rossa,Rossa,Rossa,Arancione,Arancione,Arancione,Arancione,Arancione,Rossa,0,0,11,10,https://covid-19-zone.tsiotas.com/img/2021-03-22.png
2021-03-28,Arancione,Arancione,Arancione,Rossa,Rossa,Rossa,Rossa,Arancione,Rossa,Rossa,Arancione,Arancione,Rossa,Rossa,Rossa,Arancione,Arancione,Arancione,Arancione,Arancione,Rossa,0,0,11,10,https://covid-19-zone.tsiotas.com/img/2021-03-22.png
2021-03-29,Arancione,Arancione,Rossa,Rossa,Rossa,Rossa,Rossa,Arancione,Rossa,Rossa,Arancione,Arancione,Rossa,Rossa,Rossa,Arancione,Arancione,Rossa,Arancione,Rossa,Rossa,0,0,8,13,https://covid-19-zone.tsiotas.com/img/2021-03-29.png
2021-03-30,Arancione,Arancione,Rossa,Rossa,Rossa,Rossa,Arancione,Arancione,Rossa,Rossa,Arancione,Arancione,Rossa,Rossa,Rossa,Arancione,Arancione,Rossa,Arancione,Rossa,Rossa,0,0,9,12,https://covid-19-zone.tsiotas.com/img/2021-03-30.png
2021-03-31,Arancione,Arancione,Rossa,Rossa,Rossa,Rossa,Arancione,Arancione,Rossa,Rossa,Arancione,Arancione,Rossa,Rossa,Rossa,Arancione,Arancione,Rossa,Arancione,Rossa,Rossa,0,0,9,12,https://covid-19-zone.tsiotas.com/img/2021-03-30.png
2021-04-01,Arancione,Arancione,Rossa,Rossa,Rossa,Rossa,Arancione,Arancione,Rossa,Rossa,Arancione,Arancione,Rossa,Rossa,Rossa,Arancione,Arancione,Rossa,Arancione,Rossa,Rossa,0,0,9,12,https://covid-19-zone.tsiotas.com/img/2021-03-30.png
2021-04-02,Arancione,Arancione,Rossa,Rossa,Rossa,Rossa,Arancione,Arancione,Rossa,Rossa,Arancione,Arancione,Rossa,Rossa,Rossa,Arancione,Arancione,Rossa,Arancione,Rossa,Rossa,0,0,9,12,https://covid-19-zone.tsiotas.com/img/2021-03-30.png
2021-04-03,Rossa,Rossa,Rossa,Rossa,Rossa,Rossa,Rossa,Rossa,Rossa,Rossa,Rossa,Rossa,Rossa,Rossa,Rossa,Rossa,Rossa,Rossa,Rossa,Rossa,Rossa,0,0,0,21,https://covid-19-zone.tsiotas.com/img/2021-04-03.png
2021-04-04,Rossa,Rossa,Rossa,Rossa,Rossa,Rossa,Rossa,Rossa,Rossa,Rossa,Rossa,Rossa,Rossa,Rossa,Rossa,Rossa,Rossa,Rossa,Rossa,Rossa,Rossa,0,0,0,21,https://covid-19-zone.tsiotas.com/img/2021-04-03.png
2021-04-05,Rossa,Rossa,Rossa,Rossa,Rossa,Rossa,Rossa,Rossa,Rossa,Rossa,Rossa,Rossa,Rossa,Rossa,Rossa,Rossa,Rossa,Rossa,Rossa,Rossa,Rossa,0,0,0,21,https://covid-19-zone.tsiotas.com/img/2021-04-03.png
2021-04-06,Arancione,Arancione,Rossa,Rossa,Rossa,Rossa,Arancione,Arancione,Rossa,Arancione,Arancione,Arancione,Arancione,Rossa,Rossa,Arancione,Arancione,Rossa,Arancione,Rossa,Arancione,0,0,12,9,https://covid-19-zone.tsiotas.com/img/2021-04-06.png
2021-04-07,Arancione,Arancione,Rossa,Rossa,Rossa,Rossa,Arancione,Arancione,Rossa,Arancione,Arancione,Arancione,Arancione,Rossa,Rossa,Arancione,Arancione,Rossa,Arancione,Rossa,Arancione,0,0,12,9,https://covid-19-zone.tsiotas.com/img/2021-04-06.png
2021-04-08,Arancione,Arancione,Rossa,Rossa,Rossa,Rossa,Arancione,Arancione,Rossa,Arancione,Arancione,Arancione,Arancione,Rossa,Rossa,Arancione,Arancione,Rossa,Arancione,Rossa,Arancione,0,0,12,9,https://covid-19-zone.tsiotas.com/img/2021-04-06.png
2021-04-09,Arancione,Arancione,Rossa,Rossa,Rossa,Rossa,Arancione,Arancione,Rossa,Arancione,Arancione,Arancione,Arancione,Rossa,Rossa,Arancione,Arancione,Rossa,Arancione,Rossa,Arancione,0,0,12,9,https://covid-19-zone.tsiotas.com/img/2021-04-06.png
2021-04-10,Arancione,Arancione,Rossa,Rossa,Rossa,Rossa,Arancione,Arancione,Rossa,Arancione,Arancione,Arancione,Arancione,Rossa,Rossa,Arancione,Arancione,Rossa,Arancione,Rossa,Arancione,0,0,12,9,https://covid-19-zone.tsiotas.com/img/2021-04-06.png
2021-04-11,Arancione,Arancione,Rossa,Rossa,Rossa,Rossa,Arancione,Arancione,Rossa,Arancione,Arancione,Arancione,Arancione,Rossa,Rossa,Arancione,Arancione,Rossa,Arancione,Rossa,Arancione,0,0,12,9,https://covid-19-zone.tsiotas.com/img/2021-04-06.png
2021-04-12,Arancione,Arancione,Arancione,Rossa,Arancione,Arancione,Arancione,Arancione,Arancione,Arancione,Arancione,Arancione,Arancione,Arancione,Rossa,Rossa,Arancione,Arancione,Arancione,Rossa,Arancione,0,0,17,4,https://covid-19-zone.tsiotas.com/img/2021-04-12.png
2021-04-13,Arancione,Arancione,Arancione,Rossa,Arancione,Arancione,Arancione,Arancione,Arancione,Arancione,Arancione,Arancione,Arancione,Arancione,Rossa,Rossa,Arancione,Arancione,Arancione,Rossa,Arancione,0,0,17,4,https://covid-19-zone.tsiotas.com/img/2021-04-12.png
2021-04-14,Arancione,Arancione,Arancione,Rossa,Arancione,Arancione,Arancione,Arancione,Arancione,Arancione,Arancione,Arancione,Arancione,Arancione,Rossa,Rossa,Arancione,Arancione,Arancione,Rossa,Arancione,0,0,17,4,https://covid-19-zone.tsiotas.com/img/2021-04-12.png
2021-04-15,Arancione,Arancione,Arancione,Rossa,Arancione,Arancione,Arancione,Arancione,Arancione,Arancione,Arancione,Arancione,Arancione,Arancione,Rossa,Rossa,Arancione,Arancione,Arancione,Rossa,Arancione,0,0,17,4,https://covid-19-zone.tsiotas.com/img/2021-04-12.png
2021-04-16,Arancione,Arancione,Arancione,Rossa,Arancione,Arancione,Arancione,Arancione,Arancione,Arancione,Arancione,Arancione,Arancione,Arancione,Rossa,Rossa,Arancione,Arancione,Arancione,Rossa,Arancione,0,0,17,4,https://covid-19-zone.tsiotas.com/img/2021-04-12.png
2021-04-17,Arancione,Arancione,Arancione,Rossa,Arancione,Arancione,Arancione,Arancione,Arancione,Arancione,Arancione,Arancione,Arancione,Arancione,Rossa,Rossa,Arancione,Arancione,Arancione,Rossa,Arancione,0,0,17,4,https://covid-19-zone.tsiotas.com/img/2021-04-12.png
2021-04-18,Arancione,Arancione,Arancione,Rossa,Arancione,Arancione,Arancione,Arancione,Arancione,Arancione,Arancione,Arancione,Arancione,Arancione,Rossa,Rossa,Arancione,Arancione,Arancione,Rossa,Arancione,0,0,17,4,https://covid-19-zone.tsiotas.com/img/2021-04-12.png
2021-04-19,Arancione,Arancione,Arancione,Arancione,Arancione,Arancione,Arancione,Arancione,Arancione,Arancione,Arancione,Arancione,Arancione,Arancione,Rossa,Rossa,Arancione,Arancione,Arancione,Rossa,Arancione,0,0,18,3,https://covid-19-zone.tsiotas.com/img/2021-04-19.png
2021-04-20,Arancione,Arancione,Arancione,Arancione,Arancione,Arancione,Arancione,Arancione,Arancione,Arancione,Arancione,Arancione,Arancione,Arancione,Rossa,Rossa,Arancione,Arancione,Arancione,Rossa,Arancione,0,0,18,3,https://covid-19-zone.tsiotas.com/img/2021-04-19.png
2021-04-21,Arancione,Arancione,Arancione,Arancione,Arancione,Arancione,Arancione,Arancione,Arancione,Arancione,Arancione,Arancione,Arancione,Arancione,Rossa,Rossa,Arancione,Arancione,Arancione,Rossa,Arancione,0,0,18,3,https://covid-19-zone.tsiotas.com/img/2021-04-19.png
2021-04-22,Arancione,Arancione,Arancione,Arancione,Arancione,Arancione,Arancione,Arancione,Arancione,Arancione,Arancione,Arancione,Arancione,Arancione,Rossa,Rossa,Arancione,Arancione,Arancione,Rossa,Arancione,0,0,18,3,https://covid-19-zone.tsiotas.com/img/2021-04-19.png
2021-04-23,Arancione,Arancione,Arancione,Arancione,Arancione,Arancione,Arancione,Arancione,Arancione,Arancione,Arancione,Arancione,Arancione,Arancione,Rossa,Rossa,Arancione,Arancione,Arancione,Rossa,Arancione,0,0,18,3,https://covid-19-zone.tsiotas.com/img/2021-04-19.png
2021-04-24,Arancione,Arancione,Arancione,Arancione,Arancione,Arancione,Arancione,Arancione,Arancione,Arancione,Arancione,Arancione,Arancione,Arancione,Rossa,Rossa,Arancione,Arancione,Arancione,Rossa,Arancione,0,0,18,3,https://covid-19-zone.tsiotas.com/img/2021-04-19.png
2021-04-25,Arancione,Arancione,Arancione,Arancione,Arancione,Arancione,Arancione,Arancione,Arancione,Arancione,Arancione,Arancione,Arancione,Arancione,Rossa,Rossa,Arancione,Arancione,Arancione,Rossa,Arancione,0,0,18,3,https://covid-19-zone.tsiotas.com/img/2021-04-19.png
2021-04-26,Gialla,Arancione,Arancione,Gialla,Gialla,Gialla,Gialla,Gialla,Gialla,Gialla,Gialla,Gialla,Gialla,Gialla,Arancione,Rossa,Arancione,Gialla,Gialla,Arancione,Gialla,0,15,5,1,https://covid-19-zone.tsiotas.com/img/2021-04-26.png
2021-04-27,Gialla,Arancione,Arancione,Gialla,Gialla,Gialla,Gialla,Gialla,Gialla,Gialla,Gialla,Gialla,Gialla,Gialla,Arancione,Rossa,Arancione,Gialla,Gialla,Arancione,Gialla,0,15,5,1,https://covid-19-zone.tsiotas.com/img/2021-04-26.png
2021-04-28,Gialla,Arancione,Arancione,Gialla,Gialla,Gialla,Gialla,Gialla,Gialla,Gialla,Gialla,Gialla,Gialla,Gialla,Arancione,Rossa,Arancione,Gialla,Gialla,Arancione,Gialla,0,15,5,1,https://covid-19-zone.tsiotas.com/img/2021-04-26.png
2021-04-29,Gialla,Arancione,Arancione,Gialla,Gialla,Gialla,Gialla,Gialla,Gialla,Gialla,Gialla,Gialla,Gialla,Gialla,Arancione,Rossa,Arancione,Gialla,Gialla,Arancione,Gialla,0,15,5,1,https://covid-19-zone.tsiotas.com/img/2021-04-26.png
2021-04-30,Gialla,Arancione,Arancione,Gialla,Gialla,Gialla,Gialla,Gialla,Gialla,Gialla,Gialla,Gialla,Gialla,Gialla,Arancione,Rossa,Arancione,Gialla,Gialla,Arancione,Gialla,0,15,5,1,https://covid-19-zone.tsiotas.com/img/2021-04-26.png
2021-05-01,Gialla,Arancione,Arancione,Gialla,Gialla,Gialla,Gialla,Gialla,Gialla,Gialla,Gialla,Gialla,Gialla,Gialla,Arancione,Rossa,Arancione,Gialla,Gialla,Arancione,Gialla,0,15,5,1,https://covid-19-zone.tsiotas.com/img/2021-04-26.png
2021-05-02,Gialla,Arancione,Arancione,Gialla,Gialla,Gialla,Gialla,Gialla,Gialla,Gialla,Gialla,Gialla,Gialla,Gialla,Arancione,Rossa,Arancione,Gialla,Gialla,Arancione,Gialla,0,15,5,1,https://covid-19-zone.tsiotas.com/img/2021-04-26.png
2021-05-03,Gialla,Arancione,Arancione,Gialla,Gialla,Gialla,Gialla,Gialla,Gialla,Gialla,Gialla,Gialla,Gialla,Gialla,Arancione,Arancione,Arancione,Gialla,Gialla,Rossa,Gialla,0,15,5,1,https://covid-19-zone.tsiotas.com/img/2021-05-03.png
2021-05-04,Gialla,Arancione,Arancione,Gialla,Gialla,Gialla,Gialla,Gialla,Gialla,Gialla,Gialla,Gialla,Gialla,Gialla,Arancione,Arancione,Arancione,Gialla,Gialla,Rossa,Gialla,0,15,5,1,https://covid-19-zone.tsiotas.com/img/2021-05-03.png
2021-05-05,Gialla,Arancione,Arancione,Gialla,Gialla,Gialla,Gialla,Gialla,Gialla,Gialla,Gialla,Gialla,Gialla,Gialla,Arancione,Arancione,Arancione,Gialla,Gialla,Rossa,Gialla,0,15,5,1,https://covid-19-zone.tsiotas.com/img/2021-05-03.png
2021-05-06,Gialla,Arancione,Arancione,Gialla,Gialla,Gialla,Gialla,Gialla,Gialla,Gialla,Gialla,Gialla,Gialla,Gialla,Arancione,Arancione,Arancione,Gialla,Gialla,Rossa,Gialla,0,15,5,1,https://covid-19-zone.tsiotas.com/img/2021-05-03.png
2021-05-07,Gialla,Arancione,Arancione,Gialla,Gialla,Gialla,Gialla,Gialla,Gialla,Gialla,Gialla,Gialla,Gialla,Gialla,Arancione,Arancione,Arancione,Gialla,Gialla,Rossa,Gialla,0,15,5,1,https://covid-19-zone.tsiotas.com/img/2021-05-03.png
2021-05-08,Gialla,Arancione,Arancione,Gialla,Gialla,Gialla,Gialla,Gialla,Gialla,Gialla,Gialla,Gialla,Gialla,Gialla,Arancione,Arancione,Arancione,Gialla,Gialla,Rossa,Gialla,0,15,5,1,https://covid-19-zone.tsiotas.com/img/2021-05-03.png
2021-05-09,Gialla,Arancione,Arancione,Gialla,Gialla,Gialla,Gialla,Gialla,Gialla,Gialla,Gialla,Gialla,Gialla,Gialla,Arancione,Arancione,Arancione,Gialla,Gialla,Rossa,Gialla,0,15,5,1,https://covid-19-zone.tsiotas.com/img/2021-05-03.png
2021-05-10,Gialla,Gialla,Gialla,Gialla,Gialla,Gialla,Gialla,Gialla,Gialla,Gialla,Gialla,Gialla,Gialla,Gialla,Gialla,Arancione,Arancione,Gialla,Gialla,Arancione,Gialla,0,18,3,0,https://covid-19-zone.tsiotas.com/img/2021-05-10.png
2021-05-11,Gialla,Gialla,Gialla,Gialla,Gialla,Gialla,Gialla,Gialla,Gialla,Gialla,Gialla,Gialla,Gialla,Gialla,Gialla,Arancione,Arancione,Gialla,Gialla,Arancione,Gialla,0,18,3,0,https://covid-19-zone.tsiotas.com/img/2021-05-10.png
2021-05-12,Gialla,Gialla,Gialla,Gialla,Gialla,Gialla,Gialla,Gialla,Gialla,Gialla,Gialla,Gialla,Gialla,Gialla,Gialla,Arancione,Arancione,Gialla,Gialla,Arancione,Gialla,0,18,3,0,https://covid-19-zone.tsiotas.com/img/2021-05-10.png
2021-05-13,Gialla,Gialla,Gialla,Gialla,Gialla,Gialla,Gialla,Gialla,Gialla,Gialla,Gialla,Gialla,Gialla,Gialla,Gialla,Arancione,Arancione,Gialla,Gialla,Arancione,Gialla,0,18,3,0,https://covid-19-zone.tsiotas.com/img/2021-05-10.png
2021-05-14,Gialla,Gialla,Gialla,Gialla,Gialla,Gialla,Gialla,Gialla,Gialla,Gialla,Gialla,Gialla,Gialla,Gialla,Gialla,Arancione,Arancione,Gialla,Gialla,Arancione,Gialla,0,18,3,0,https://covid-19-zone.tsiotas.com/img/2021-05-10.png
2021-05-15,Gialla,Gialla,Gialla,Gialla,Gialla,Gialla,Gialla,Gialla,Gialla,Gialla,Gialla,Gialla,Gialla,Gialla,Gialla,Arancione,Arancione,Gialla,Gialla,Arancione,Gialla,0,18,3,0,https://covid-19-zone.tsiotas.com/img/2021-05-10.png
2021-05-16,Gialla,Gialla,Gialla,Gialla,Gialla,Gialla,Gialla,Gialla,Gialla,Gialla,Gialla,Gialla,Gialla,Gialla,Gialla,Arancione,Arancione,Gialla,Gialla,Arancione,Gialla,0,18,3,0,https://covid-19-zone.tsiotas.com/img/2021-05-10.png
2021-05-17,Gialla,Gialla,Gialla,Gialla,Gialla,Gialla,Gialla,Gialla,Gialla,Gialla,Gialla,Gialla,Gialla,Gialla,Gialla,Gialla,Gialla,Gialla,Gialla,Arancione,Gialla,0,20,1,0,https://covid-19-zone.tsiotas.com/img/2021-05-17.png
2021-05-18,Gialla,Gialla,Gialla,Gialla,Gialla,Gialla,Gialla,Gialla,Gialla,Gialla,Gialla,Gialla,Gialla,Gialla,Gialla,Gialla,Gialla,Gialla,Gialla,Arancione,Gialla,0,20,1,0,https://covid-19-zone.tsiotas.com/img/2021-05-17.png
2021-05-19,Gialla,Gialla,Gialla,Gialla,Gialla,Gialla,Gialla,Gialla,Gialla,Gialla,Gialla,Gialla,Gialla,Gialla,Gialla,Gialla,Gialla,Gialla,Gialla,Arancione,Gialla,0,20,1,0,https://covid-19-zone.tsiotas.com/img/2021-05-17.png
2021-05-20,Gialla,Gialla,Gialla,Gialla,Gialla,Gialla,Gialla,Gialla,Gialla,Gialla,Gialla,Gialla,Gialla,Gialla,Gialla,Gialla,Gialla,Gialla,Gialla,Arancione,Gialla,0,20,1,0,https://covid-19-zone.tsiotas.com/img/2021-05-17.png
2021-05-21,Gialla,Gialla,Gialla,Gialla,Gialla,Gialla,Gialla,Gialla,Gialla,Gialla,Gialla,Gialla,Gialla,Gialla,Gialla,Gialla,Gialla,Gialla,Gialla,Arancione,Gialla,0,20,1,0,https://covid-19-zone.tsiotas.com/img/2021-05-17.png
2021-05-22,Gialla,Gialla,Gialla,Gialla,Gialla,Gialla,Gialla,Gialla,Gialla,Gialla,Gialla,Gialla,Gialla,Gialla,Gialla,Gialla,Gialla,Gialla,Gialla,Arancione,Gialla,0,20,1,0,https://covid-19-zone.tsiotas.com/img/2021-05-17.png
2021-05-23,Gialla,Gialla,Gialla,Gialla,Gialla,Gialla,Gialla,Gialla,Gialla,Gialla,Gialla,Gialla,Gialla,Gialla,Gialla,Gialla,Gialla,Gialla,Gialla,Arancione,Gialla,0,20,1,0,https://covid-19-zone.tsiotas.com/img/2021-05-17.png
2021-05-24,Gialla,Gialla,Gialla,Gialla,Gialla,Gialla,Gialla,Gialla,Gialla,Gialla,Gialla,Gialla,Gialla,Gialla,Gialla,Gialla,Gialla,Gialla,Gialla,Gialla,Gialla,0,21,0,0,https://covid-19-zone.tsiotas.com/img/2021-05-24.png
2021-05-25,Gialla,Gialla,Gialla,Gialla,Gialla,Gialla,Gialla,Gialla,Gialla,Gialla,Gialla,Gialla,Gialla,Gialla,Gialla,Gialla,Gialla,Gialla,Gialla,Gialla,Gialla,0,21,0,0,https://covid-19-zone.tsiotas.com/img/2021-05-24.png
2021-05-26,Gialla,Gialla,Gialla,Gialla,Gialla,Gialla,Gialla,Gialla,Gialla,Gialla,Gialla,Gialla,Gialla,Gialla,Gialla,Gialla,Gialla,Gialla,Gialla,Gialla,Gialla,0,21,0,0,https://covid-19-zone.tsiotas.com/img/2021-05-24.png
2021-05-27,Gialla,Gialla,Gialla,Gialla,Gialla,Gialla,Gialla,Gialla,Gialla,Gialla,Gialla,Gialla,Gialla,Gialla,Gialla,Gialla,Gialla,Gialla,Gialla,Gialla,Gialla,0,21,0,0,https://covid-19-zone.tsiotas.com/img/2021-05-24.png
2021-05-28,Gialla,Gialla,Gialla,Gialla,Gialla,Gialla,Gialla,Gialla,Gialla,Gialla,Gialla,Gialla,Gialla,Gialla,Gialla,Gialla,Gialla,Gialla,Gialla,Gialla,Gialla,0,21,0,0,https://covid-19-zone.tsiotas.com/img/2021-05-24.png
2021-05-29,Gialla,Gialla,Gialla,Gialla,Gialla,Gialla,Gialla,Gialla,Gialla,Gialla,Gialla,Gialla,Gialla,Gialla,Gialla,Gialla,Gialla,Gialla,Gialla,Gialla,Gialla,0,21,0,0,https://covid-19-zone.tsiotas.com/img/2021-05-24.png
2021-05-30,Gialla,Gialla,Gialla,Gialla,Gialla,Gialla,Gialla,Gialla,Gialla,Gialla,Gialla,Gialla,Gialla,Gialla,Gialla,Gialla,Gialla,Gialla,Gialla,Gialla,Gialla,0,21,0,0,https://covid-19-zone.tsiotas.com/img/2021-05-24.png
2021-05-31,Gialla,Gialla,Gialla,Gialla,Gialla,Bianca,Gialla,Gialla,Gialla,Gialla,Bianca,Gialla,Gialla,Gialla,Gialla,Bianca,Gialla,Gialla,Gialla,Gialla,Gialla,3,18,0,0,https://covid-19-zone.tsiotas.com/img/2021-05-31.png
2021-06-01,Gialla,Gialla,Gialla,Gialla,Gialla,Bianca,Gialla,Gialla,Gialla,Gialla,Bianca,Gialla,Gialla,Gialla,Gialla,Bianca,Gialla,Gialla,Gialla,Gialla,Gialla,3,18,0,0,https://covid-19-zone.tsiotas.com/img/2021-05-31.png
2021-06-02,Gialla,Gialla,Gialla,Gialla,Gialla,Bianca,Gialla,Gialla,Gialla,Gialla,Bianca,Gialla,Gialla,Gialla,Gialla,Bianca,Gialla,Gialla,Gialla,Gialla,Gialla,3,18,0,0,https://covid-19-zone.tsiotas.com/img/2021-05-31.png
2021-06-03,Gialla,Gialla,Gialla,Gialla,Gialla,Bianca,Gialla,Gialla,Gialla,Gialla,Bianca,Gialla,Gialla,Gialla,Gialla,Bianca,Gialla,Gialla,Gialla,Gialla,Gialla,3,18,0,0,https://covid-19-zone.tsiotas.com/img/2021-05-31.png
2021-06-04,Gialla,Gialla,Gialla,Gialla,Gialla,Bianca,Gialla,Gialla,Gialla,Gialla,Bianca,Gialla,Gialla,Gialla,Gialla,Bianca,Gialla,Gialla,Gialla,Gialla,Gialla,3,18,0,0,https://covid-19-zone.tsiotas.com/img/2021-05-31.png
2021-06-05,Gialla,Gialla,Gialla,Gialla,Gialla,Bianca,Gialla,Gialla,Gialla,Gialla,Bianca,Gialla,Gialla,Gialla,Gialla,Bianca,Gialla,Gialla,Gialla,Gialla,Gialla,3,18,0,0,https://covid-19-zone.tsiotas.com/img/2021-05-31.png
2021-06-06,Gialla,Gialla,Gialla,Gialla,Gialla,Bianca,Gialla,Gialla,Gialla,Gialla,Bianca,Gialla,Gialla,Gialla,Gialla,Bianca,Gialla,Gialla,Gialla,Gialla,Gialla,3,18,0,0,https://covid-19-zone.tsiotas.com/img/2021-05-31.png
2021-06-07,Bianca,Gialla,Gialla,Gialla,Gialla,Bianca,Gialla,Bianca,Gialla,Gialla,Bianca,Gialla,Gialla,Gialla,Gialla,Bianca,Gialla,Gialla,Bianca,Gialla,Bianca,7,14,0,0,https://covid-19-zone.tsiotas.com/img/2021-06-07.png
2021-06-08,Bianca,Gialla,Gialla,Gialla,Gialla,Bianca,Gialla,Bianca,Gialla,Gialla,Bianca,Gialla,Gialla,Gialla,Gialla,Bianca,Gialla,Gialla,Bianca,Gialla,Bianca,7,14,0,0,https://covid-19-zone.tsiotas.com/img/2021-06-07.png
2021-06-09,Bianca,Gialla,Gialla,Gialla,Gialla,Bianca,Gialla,Bianca,Gialla,Gialla,Bianca,Gialla,Gialla,Gialla,Gialla,Bianca,Gialla,Gialla,Bianca,Gialla,Bianca,7,14,0,0,https://covid-19-zone.tsiotas.com/img/2021-06-07.png
2021-06-10,Bianca,Gialla,Gialla,Gialla,Gialla,Bianca,Gialla,Bianca,Gialla,Gialla,Bianca,Gialla,Gialla,Gialla,Gialla,Bianca,Gialla,Gialla,Bianca,Gialla,Bianca,7,14,0,0,https://covid-19-zone.tsiotas.com/img/2021-06-07.png
2021-06-11,Bianca,Gialla,Gialla,Gialla,Gialla,Bianca,Gialla,Bianca,Gialla,Gialla,Bianca,Gialla,Gialla,Gialla,Gialla,Bianca,Gialla,Gialla,Bianca,Gialla,Bianca,7,14,0,0,https://covid-19-zone.tsiotas.com/img/2021-06-07.png
2021-06-12,Bianca,Gialla,Gialla,Gialla,Gialla,Bianca,Gialla,Bianca,Gialla,Gialla,Bianca,Gialla,Gialla,Gialla,Gialla,Bianca,Gialla,Gialla,Bianca,Gialla,Bianca,7,14,0,0,https://covid-19-zone.tsiotas.com/img/2021-06-07.png
2021-06-13,Bianca,Gialla,Gialla,Gialla,Gialla,Bianca,Gialla,Bianca,Gialla,Gialla,Bianca,Gialla,Gialla,Gialla,Gialla,Bianca,Gialla,Gialla,Bianca,Gialla,Bianca,7,14,0,0,https://covid-19-zone.tsiotas.com/img/2021-06-07.png
2021-06-14,Bianca,Gialla,Gialla,Gialla,Bianca,Bianca,Bianca,Bianca,Bianca,Gialla,Bianca,Gialla,Bianca,Bianca,Bianca,Bianca,Gialla,Gialla,Bianca,Gialla,Bianca,13,8,0,0,https://covid-19-zone.tsiotas.com/img/2021-06-14.png
2021-06-15,Bianca,Gialla,Gialla,Gialla,Bianca,Bianca,Bianca,Bianca,Bianca,Gialla,Bianca,Gialla,Bianca,Bianca,Bianca,Bianca,Gialla,Gialla,Bianca,Gialla,Bianca,13,8,0,0,https://covid-19-zone.tsiotas.com/img/2021-06-14.png
2021-06-16,Bianca,Gialla,Gialla,Gialla,Bianca,Bianca,Bianca,Bianca,Bianca,Gialla,Bianca,Gialla,Bianca,Bianca,Bianca,Bianca,Gialla,Gialla,Bianca,Gialla,Bianca,13,8,0,0,https://covid-19-zone.tsiotas.com/img/2021-06-14.png
2021-06-17,Bianca,Gialla,Gialla,Gialla,Bianca,Bianca,Bianca,Bianca,Bianca,Gialla,Bianca,Gialla,Bianca,Bianca,Bianca,Bianca,Gialla,Gialla,Bianca,Gialla,Bianca,13,8,0,0,https://covid-19-zone.tsiotas.com/img/2021-06-14.png
2021-06-18,Bianca,Gialla,Gialla,Gialla,Bianca,Bianca,Bianca,Bianca,Bianca,Gialla,Bianca,Gialla,Bianca,Bianca,Bianca,Bianca,Gialla,Gialla,Bianca,Gialla,Bianca,13,8,0,0,https://covid-19-zone.tsiotas.com/img/2021-06-14.png
2021-06-19,Bianca,Gialla,Gialla,Gialla,Bianca,Bianca,Bianca,Bianca,Bianca,Gialla,Bianca,Gialla,Bianca,Bianca,Bianca,Bianca,Gialla,Gialla,Bianca,Gialla,Bianca,13,8,0,0,https://covid-19-zone.tsiotas.com/img/2021-06-14.png
2021-06-20,Bianca,Gialla,Gialla,Gialla,Bianca,Bianca,Bianca,Bianca,Bianca,Gialla,Bianca,Gialla,Bianca,Bianca,Bianca,Bianca,Gialla,Gialla,Bianca,Gialla,Bianca,13,8,0,0,https://covid-19-zone.tsiotas.com/img/2021-06-14.png
2021-06-21,Bianca,Bianca,Bianca,Bianca,Bianca,Bianca,Bianca,Bianca,Bianca,Bianca,Bianca,Bianca,Bianca,Bianca,Bianca,Bianca,Bianca,Bianca,Bianca,Gialla,Bianca,20,1,0,0,https://covid-19-zone.tsiotas.com/img/2021-06-21.png
2021-06-22,Bianca,Bianca,Bianca,Bianca,Bianca,Bianca,Bianca,Bianca,Bianca,Bianca,Bianca,Bianca,Bianca,Bianca,Bianca,Bianca,Bianca,Bianca,Bianca,Gialla,Bianca,20,1,0,0,https://covid-19-zone.tsiotas.com/img/2021-06-21.png
2021-06-23,Bianca,Bianca,Bianca,Bianca,Bianca,Bianca,Bianca,Bianca,Bianca,Bianca,Bianca,Bianca,Bianca,Bianca,Bianca,Bianca,Bianca,Bianca,Bianca,Gialla,Bianca,20,1,0,0,https://covid-19-zone.tsiotas.com/img/2021-06-21.png
2021-06-24,Bianca,Bianca,Bianca,Bianca,Bianca,Bianca,Bianca,Bianca,Bianca,Bianca,Bianca,Bianca,Bianca,Bianca,Bianca,Bianca,Bianca,Bianca,Bianca,Gialla,Bianca,20,1,0,0,https://covid-19-zone.tsiotas.com/img/2021-06-21.png
2021-06-25,Bianca,Bianca,Bianca,Bianca,Bianca,Bianca,Bianca,Bianca,Bianca,Bianca,Bianca,Bianca,Bianca,Bianca,Bianca,Bianca,Bianca,Bianca,Bianca,Gialla,Bianca,20,1,0,0,https://covid-19-zone.tsiotas.com/img/2021-06-21.png
2021-06-26,Bianca,Bianca,Bianca,Bianca,Bianca,Bianca,Bianca,Bianca,Bianca,Bianca,Bianca,Bianca,Bianca,Bianca,Bianca,Bianca,Bianca,Bianca,Bianca,Gialla,Bianca,20,1,0,0,https://covid-19-zone.tsiotas.com/img/2021-06-21.png
2021-06-27,Bianca,Bianca,Bianca,Bianca,Bianca,Bianca,Bianca,Bianca,Bianca,Bianca,Bianca,Bianca,Bianca,Bianca,Bianca,Bianca,Bianca,Bianca,Bianca,Gialla,Bianca,20,1,0,0,https://covid-19-zone.tsiotas.com/img/2021-06-21.png
2021-06-28,Bianca,Bianca,Bianca,Bianca,Bianca,Bianca,Bianca,Bianca,Bianca,Bianca,Bianca,Bianca,Bianca,Bianca,Bianca,Bianca,Bianca,Bianca,Bianca,Bianca,Bianca,21,0,0,0,https://covid-19-zone.tsiotas.com/img/2021-06-28.png
2021-06-29,Bianca,Bianca,Bianca,Bianca,Bianca,Bianca,Bianca,Bianca,Bianca,Bianca,Bianca,Bianca,Bianca,Bianca,Bianca,Bianca,Bianca,Bianca,Bianca,Bianca,Bianca,21,0,0,0,https://covid-19-zone.tsiotas.com/img/2021-06-28.png
2021-06-30,Bianca,Bianca,Bianca,Bianca,Bianca,Bianca,Bianca,Bianca,Bianca,Bianca,Bianca,Bianca,Bianca,Bianca,Bianca,Bianca,Bianca,Bianca,Bianca,Bianca,Bianca,21,0,0,0,https://covid-19-zone.tsiotas.com/img/2021-06-28.png
2021-07-01,Bianca,Bianca,Bianca,Bianca,Bianca,Bianca,Bianca,Bianca,Bianca,Bianca,Bianca,Bianca,Bianca,Bianca,Bianca,Bianca,Bianca,Bianca,Bianca,Bianca,Bianca,21,0,0,0,https://covid-19-zone.tsiotas.com/img/2021-06-28.png
2021-07-02,Bianca,Bianca,Bianca,Bianca,Bianca,Bianca,Bianca,Bianca,Bianca,Bianca,Bianca,Bianca,Bianca,Bianca,Bianca,Bianca,Bianca,Bianca,Bianca,Bianca,Bianca,21,0,0,0,https://covid-19-zone.tsiotas.com/img/2021-06-28.png
2021-07-03,Bianca,Bianca,Bianca,Bianca,Bianca,Bianca,Bianca,Bianca,Bianca,Bianca,Bianca,Bianca,Bianca,Bianca,Bianca,Bianca,Bianca,Bianca,Bianca,Bianca,Bianca,21,0,0,0,https://covid-19-zone.tsiotas.com/img/2021-06-28.png
2021-07-04,Bianca,Bianca,Bianca,Bianca,Bianca,Bianca,Bianca,Bianca,Bianca,Bianca,Bianca,Bianca,Bianca,Bianca,Bianca,Bianca,Bianca,Bianca,Bianca,Bianca,Bianca,21,0,0,0,https://covid-19-zone.tsiotas.com/img/2021-06-28.png
2021-07-05,Bianca,Bianca,Bianca,Bianca,Bianca,Bianca,Bianca,Bianca,Bianca,Bianca,Bianca,Bianca,Bianca,Bianca,Bianca,Bianca,Bianca,Bianca,Bianca,Bianca,Bianca,21,0,0,0,https://covid-19-zone.tsiotas.com/img/2021-06-28.png
2021-07-06,Bianca,Bianca,Bianca,Bianca,Bianca,Bianca,Bianca,Bianca,Bianca,Bianca,Bianca,Bianca,Bianca,Bianca,Bianca,Bianca,Bianca,Bianca,Bianca,Bianca,Bianca,21,0,0,0,https://covid-19-zone.tsiotas.com/img/2021-06-28.png
2021-07-07,Bianca,Bianca,Bianca,Bianca,Bianca,Bianca,Bianca,Bianca,Bianca,Bianca,Bianca,Bianca,Bianca,Bianca,Bianca,Bianca,Bianca,Bianca,Bianca,Bianca,Bianca,21,0,0,0,https://covid-19-zone.tsiotas.com/img/2021-06-28.png
2021-07-08,Bianca,Bianca,Bianca,Bianca,Bianca,Bianca,Bianca,Bianca,Bianca,Bianca,Bianca,Bianca,Bianca,Bianca,Bianca,Bianca,Bianca,Bianca,Bianca,Bianca,Bianca,21,0,0,0,https://covid-19-zone.tsiotas.com/img/2021-06-28.png
2021-07-09,Bianca,Bianca,Bianca,Bianca,Bianca,Bianca,Bianca,Bianca,Bianca,Bianca,Bianca,Bianca,Bianca,Bianca,Bianca,Bianca,Bianca,Bianca,Bianca,Bianca,Bianca,21,0,0,0,https://covid-19-zone.tsiotas.com/img/2021-06-28.png
2021-07-10,Bianca,Bianca,Bianca,Bianca,Bianca,Bianca,Bianca,Bianca,Bianca,Bianca,Bianca,Bianca,Bianca,Bianca,Bianca,Bianca,Bianca,Bianca,Bianca,Bianca,Bianca,21,0,0,0,https://covid-19-zone.tsiotas.com/img/2021-06-28.png
2021-07-11,Bianca,Bianca,Bianca,Bianca,Bianca,Bianca,Bianca,Bianca,Bianca,Bianca,Bianca,Bianca,Bianca,Bianca,Bianca,Bianca,Bianca,Bianca,Bianca,Bianca,Bianca,21,0,0,0,https://covid-19-zone.tsiotas.com/img/2021-06-28.png
2021-07-12,Bianca,Bianca,Bianca,Bianca,Bianca,Bianca,Bianca,Bianca,Bianca,Bianca,Bianca,Bianca,Bianca,Bianca,Bianca,Bianca,Bianca,Bianca,Bianca,Bianca,Bianca,21,0,0,0,https://covid-19-zone.tsiotas.com/img/2021-06-28.png
2021-07-13,Bianca,Bianca,Bianca,Bianca,Bianca,Bianca,Bianca,Bianca,Bianca,Bianca,Bianca,Bianca,Bianca,Bianca,Bianca,Bianca,Bianca,Bianca,Bianca,Bianca,Bianca,21,0,0,0,https://covid-19-zone.tsiotas.com/img/2021-06-28.png
2021-07-14,Bianca,Bianca,Bianca,Bianca,Bianca,Bianca,Bianca,Bianca,Bianca,Bianca,Bianca,Bianca,Bianca,Bianca,Bianca,Bianca,Bianca,Bianca,Bianca,Bianca,Bianca,21,0,0,0,https://covid-19-zone.tsiotas.com/img/2021-06-28.png
2021-07-15,Bianca,Bianca,Bianca,Bianca,Bianca,Bianca,Bianca,Bianca,Bianca,Bianca,Bianca,Bianca,Bianca,Bianca,Bianca,Bianca,Bianca,Bianca,Bianca,Bianca,Bianca,21,0,0,0,https://covid-19-zone.tsiotas.com/img/2021-06-28.png
2021-07-16,Bianca,Bianca,Bianca,Bianca,Bianca,Bianca,Bianca,Bianca,Bianca,Bianca,Bianca,Bianca,Bianca,Bianca,Bianca,Bianca,Bianca,Bianca,Bianca,Bianca,Bianca,21,0,0,0,https://covid-19-zone.tsiotas.com/img/2021-06-28.png
2021-07-17,Bianca,Bianca,Bianca,Bianca,Bianca,Bianca,Bianca,Bianca,Bianca,Bianca,Bianca,Bianca,Bianca,Bianca,Bianca,Bianca,Bianca,Bianca,Bianca,Bianca,Bianca,21,0,0,0,https://covid-19-zone.tsiotas.com/img/2021-06-28.png
2021-07-18,Bianca,Bianca,Bianca,Bianca,Bianca,Bianca,Bianca,Bianca,Bianca,Bianca,Bianca,Bianca,Bianca,Bianca,Bianca,Bianca,Bianca,Bianca,Bianca,Bianca,Bianca,21,0,0,0,https://covid-19-zone.tsiotas.com/img/2021-06-28.png
2021-07-19,Bianca,Bianca,Bianca,Bianca,Bianca,Bianca,Bianca,Bianca,Bianca,Bianca,Bianca,Bianca,Bianca,Bianca,Bianca,Bianca,Bianca,Bianca,Bianca,Bianca,Bianca,21,0,0,0,https://covid-19-zone.tsiotas.com/img/2021-06-28.png
2021-07-20,Bianca,Bianca,Bianca,Bianca,Bianca,Bianca,Bianca,Bianca,Bianca,Bianca,Bianca,Bianca,Bianca,Bianca,Bianca,Bianca,Bianca,Bianca,Bianca,Bianca,Bianca,21,0,0,0,https://covid-19-zone.tsiotas.com/img/2021-06-28.png
2021-07-21,Bianca,Bianca,Bianca,Bianca,Bianca,Bianca,Bianca,Bianca,Bianca,Bianca,Bianca,Bianca,Bianca,Bianca,Bianca,Bianca,Bianca,Bianca,Bianca,Bianca,Bianca,21,0,0,0,https://covid-19-zone.tsiotas.com/img/2021-06-28.png
2021-07-22,Bianca,Bianca,Bianca,Bianca,Bianca,Bianca,Bianca,Bianca,Bianca,Bianca,Bianca,Bianca,Bianca,Bianca,Bianca,Bianca,Bianca,Bianca,Bianca,Bianca,Bianca,21,0,0,0,https://covid-19-zone.tsiotas.com/img/2021-06-28.png
2021-07-23,Bianca,Bianca,Bianca,Bianca,Bianca,Bianca,Bianca,Bianca,Bianca,Bianca,Bianca,Bianca,Bianca,Bianca,Bianca,Bianca,Bianca,Bianca,Bianca,Bianca,Bianca,21,0,0,0,https://covid-19-zone.tsiotas.com/img/2021-06-28.png
2021-07-24,Bianca,Bianca,Bianca,Bianca,Bianca,Bianca,Bianca,Bianca,Bianca,Bianca,Bianca,Bianca,Bianca,Bianca,Bianca,Bianca,Bianca,Bianca,Bianca,Bianca,Bianca,21,0,0,0,https://covid-19-zone.tsiotas.com/img/2021-06-28.png
2021-07-25,Bianca,Bianca,Bianca,Bianca,Bianca,Bianca,Bianca,Bianca,Bianca,Bianca,Bianca,Bianca,Bianca,Bianca,Bianca,Bianca,Bianca,Bianca,Bianca,Bianca,Bianca,21,0,0,0,https://covid-19-zone.tsiotas.com/img/2021-06-28.png
2021-07-26,Bianca,Bianca,Bianca,Bianca,Bianca,Bianca,Bianca,Bianca,Bianca,Bianca,Bianca,Bianca,Bianca,Bianca,Bianca,Bianca,Bianca,Bianca,Bianca,Bianca,Bianca,21,0,0,0,https://covid-19-zone.tsiotas.com/img/2021-06-28.png
2021-07-27,Bianca,Bianca,Bianca,Bianca,Bianca,Bianca,Bianca,Bianca,Bianca,Bianca,Bianca,Bianca,Bianca,Bianca,Bianca,Bianca,Bianca,Bianca,Bianca,Bianca,Bianca,21,0,0,0,https://covid-19-zone.tsiotas.com/img/2021-06-28.png
2021-07-28,Bianca,Bianca,Bianca,Bianca,Bianca,Bianca,Bianca,Bianca,Bianca,Bianca,Bianca,Bianca,Bianca,Bianca,Bianca,Bianca,Bianca,Bianca,Bianca,Bianca,Bianca,21,0,0,0,https://covid-19-zone.tsiotas.com/img/2021-06-28.png
2021-07-29,Bianca,Bianca,Bianca,Bianca,Bianca,Bianca,Bianca,Bianca,Bianca,Bianca,Bianca,Bianca,Bianca,Bianca,Bianca,Bianca,Bianca,Bianca,Bianca,Bianca,Bianca,21,0,0,0,https://covid-19-zone.tsiotas.com/img/2021-06-28.png
2021-07-30,Bianca,Bianca,Bianca,Bianca,Bianca,Bianca,Bianca,Bianca,Bianca,Bianca,Bianca,Bianca,Bianca,Bianca,Bianca,Bianca,Bianca,Bianca,Bianca,Bianca,Bianca,21,0,0,0,https://covid-19-zone.tsiotas.com/img/2021-06-28.png
2021-07-31,Bianca,Bianca,Bianca,Bianca,Bianca,Bianca,Bianca,Bianca,Bianca,Bianca,Bianca,Bianca,Bianca,Bianca,Bianca,Bianca,Bianca,Bianca,Bianca,Bianca,Bianca,21,0,0,0,https://covid-19-zone.tsiotas.com/img/2021-06-28.png
2021-08-01,Bianca,Bianca,Bianca,Bianca,Bianca,Bianca,Bianca,Bianca,Bianca,Bianca,Bianca,Bianca,Bianca,Bianca,Bianca,Bianca,Bianca,Bianca,Bianca,Bianca,Bianca,21,0,0,0,https://covid-19-zone.tsiotas.com/img/2021-06-28.png
2021-08-02,Bianca,Bianca,Bianca,Bianca,Bianca,Bianca,Bianca,Bianca,Bianca,Bianca,Bianca,Bianca,Bianca,Bianca,Bianca,Bianca,Bianca,Bianca,Bianca,Bianca,Bianca,21,0,0,0,https://covid-19-zone.tsiotas.com/img/2021-06-28.png
2021-08-03,Bianca,Bianca,Bianca,Bianca,Bianca,Bianca,Bianca,Bianca,Bianca,Bianca,Bianca,Bianca,Bianca,Bianca,Bianca,Bianca,Bianca,Bianca,Bianca,Bianca,Bianca,21,0,0,0,https://covid-19-zone.tsiotas.com/img/2021-06-28.png
2021-08-04,Bianca,Bianca,Bianca,Bianca,Bianca,Bianca,Bianca,Bianca,Bianca,Bianca,Bianca,Bianca,Bianca,Bianca,Bianca,Bianca,Bianca,Bianca,Bianca,Bianca,Bianca,21,0,0,0,https://covid-19-zone.tsiotas.com/img/2021-06-28.png
2021-08-05,Bianca,Bianca,Bianca,Bianca,Bianca,Bianca,Bianca,Bianca,Bianca,Bianca,Bianca,Bianca,Bianca,Bianca,Bianca,Bianca,Bianca,Bianca,Bianca,Bianca,Bianca,21,0,0,0,https://covid-19-zone.tsiotas.com/img/2021-06-28.png
2021-08-06,Bianca,Bianca,Bianca,Bianca,Bianca,Bianca,Bianca,Bianca,Bianca,Bianca,Bianca,Bianca,Bianca,Bianca,Bianca,Bianca,Bianca,Bianca,Bianca,Bianca,Bianca,21,0,0,0,https://covid-19-zone.tsiotas.com/img/2021-06-28.png
2021-08-07,Bianca,Bianca,Bianca,Bianca,Bianca,Bianca,Bianca,Bianca,Bianca,Bianca,Bianca,Bianca,Bianca,Bianca,Bianca,Bianca,Bianca,Bianca,Bianca,Bianca,Bianca,21,0,0,0,https://covid-19-zone.tsiotas.com/img/2021-06-28.png
2021-08-08,Bianca,Bianca,Bianca,Bianca,Bianca,Bianca,Bianca,Bianca,Bianca,Bianca,Bianca,Bianca,Bianca,Bianca,Bianca,Bianca,Bianca,Bianca,Bianca,Bianca,Bianca,21,0,0,0,https://covid-19-zone.tsiotas.com/img/2021-06-28.png
2021-08-09,Bianca,Bianca,Bianca,Bianca,Bianca,Bianca,Bianca,Bianca,Bianca,Bianca,Bianca,Bianca,Bianca,Bianca,Bianca,Bianca,Bianca,Bianca,Bianca,Bianca,Bianca,21,0,0,0,https://covid-19-zone.tsiotas.com/img/2021-06-28.png
2021-08-10,Bianca,Bianca,Bianca,Bianca,Bianca,Bianca,Bianca,Bianca,Bianca,Bianca,Bianca,Bianca,Bianca,Bianca,Bianca,Bianca,Bianca,Bianca,Bianca,Bianca,Bianca,21,0,0,0,https://covid-19-zone.tsiotas.com/img/2021-06-28.png
2021-08-11,Bianca,Bianca,Bianca,Bianca,Bianca,Bianca,Bianca,Bianca,Bianca,Bianca,Bianca,Bianca,Bianca,Bianca,Bianca,Bianca,Bianca,Bianca,Bianca,Bianca,Bianca,21,0,0,0,https://covid-19-zone.tsiotas.com/img/2021-06-28.png
2021-08-12,Bianca,Bianca,Bianca,Bianca,Bianca,Bianca,Bianca,Bianca,Bianca,Bianca,Bianca,Bianca,Bianca,Bianca,Bianca,Bianca,Bianca,Bianca,Bianca,Bianca,Bianca,21,0,0,0,https://covid-19-zone.tsiotas.com/img/2021-06-28.png
2021-08-13,Bianca,Bianca,Bianca,Bianca,Bianca,Bianca,Bianca,Bianca,Bianca,Bianca,Bianca,Bianca,Bianca,Bianca,Bianca,Bianca,Bianca,Bianca,Bianca,Bianca,Bianca,21,0,0,0,https://covid-19-zone.tsiotas.com/img/2021-06-28.png
